<Page xmlns="http://schemas.nativescript.org/tns.xsd" navigatingTo="onNavigatingTo" class="bg-blue-50">
    <ActionBar class="bg-white">
        <NavigationButton text="Back" tap="onBackButtonTap" />
        <Label text="Self Reflection" class="text-lg font-medium text-blue-500" />
    </ActionBar>

    <GridLayout rows="auto, *, auto" class="p-4">
        <!-- Entry Selection -->
        <GridLayout row="0" class="bg-white p-4 rounded-xl elevation-2 mb-4">
            <Button text="{{ selectedEntry ? 'Change Entry' : 'Select Journal Entry' }}" 
                    tap="{{ selectEntry }}"
                    class="bg-blue-500 text-white font-medium p-3 rounded-lg" />
        </GridLayout>

        <!-- Chat Messages -->
        <ListView row="1" 
                 items="{{ messages }}" 
                 class="mb-4"
                 separatorColor="transparent">
            <ListView.itemTemplate>
                <GridLayout columns="auto, *" class="p-2">
                    <!-- AI Icon or User Icon -->
                    <Label col="0" 
                           text="{{ isAI ? '🤖' : '👤' }}" 
                           class="text-2xl mr-2" />
                    
                    <!-- Message Bubble -->
                    <StackLayout col="1" 
                               class="{{ isAI ? 'bg-blue-50' : 'bg-white' }} p-4 rounded-xl elevation-2">
                        <Label text="{{ text }}" 
                               textWrap="true" 
                               class="text-gray-800" />
                    </StackLayout>
                </GridLayout>
            </ListView.itemTemplate>
        </ListView>

        <!-- Input Area -->
        <GridLayout row="2" 
                    columns="*, auto" 
                    class="bg-white p-2 rounded-xl elevation-2"
                    visibility="{{ selectedEntry ? 'visible' : 'collapsed' }}">
            <TextView col="0" 
                      text="{{ userInput }}" 
                      hint="Ask about your journal entry..."
                      class="bg-transparent p-2" />
            <Button col="1" 
                    text="Send" 
                    tap="{{ sendMessage }}"
                    isEnabled="{{ userInput.length > 0 }}"
                    class="bg-blue-500 text-white font-medium p-2 rounded-lg" />
        </GridLayout>

        <!-- No Entry Selected Message -->
        <StackLayout row="1" 
                     class="bg-white p-6 rounded-xl elevation-2"
                     visibility="{{ !selectedEntry ? 'visible' : 'collapsed' }}">
            <Label text="Select a journal entry to start reflecting" 
                   class="text-center text-gray-500" />
            <Label text="You can ask the AI for deeper insights about your thoughts and feelings" 
                   class="text-center text-gray-400 text-sm mt-2" 
                   textWrap="true" />
        </StackLayout>
    </GridLayout>
</Page>