<Page xmlns="http://schemas.nativescript.org/tns.xsd" navigatingTo="onNavigatingTo" class="bg-blue-50">
    <ActionBar class="bg-white">
        <NavigationButton text="Close" tap="onClose" />
        <Label text="Select Entry" class="text-lg font-medium text-blue-500" />
    </ActionBar>

    <ListView items="{{ entries }}" 
             itemTap="{{ onEntrySelect }}"
             class="list-group">
        <ListView.itemTemplate>
            <GridLayout columns="auto, *" class="p-4 bg-white m-2 rounded-xl elevation-2">
                <Label col="0" 
                       text="{{ moodScale | moodToEmoji }}" 
                       class="text-2xl mr-3" />
                <StackLayout col="1">
                    <Label text="{{ timestamp | formatDate }}" 
                           class="text-sm text-gray-500" />
                    <Label text="{{ text }}" 
                           textWrap="true"
                           class="text-base text-gray-800" />
                </StackLayout>
            </GridLayout>
        </ListView.itemTemplate>
    </ListView>
</Page>