<Page xmlns="http://schemas.nativescript.org/tns.xsd" navigatingTo="onNavigatingTo" class="bg-blue-50">
    <ActionBar class="bg-white">
        <NavigationButton text="Back" tap="onBackButtonTap" />
        <Label text="Meditation" class="text-lg font-medium text-blue-500" />
    </ActionBar>

    <ScrollView>
        <StackLayout class="p-4">
            <Label text="Meditation Sessions" class="text-lg font-medium mb-4" />
            <GridLayout class="bg-white p-4 rounded-xl mb-4">
                <Label text="Meditation features coming soon" class="text-center text-gray-500 p-8" />
            </GridLayout>
        </StackLayout>
    </ScrollView>
</Page>