<Page xmlns="http://schemas.nativescript.org/tns.xsd" navigatingTo="onNavigatingTo" class="bg-blue-50">
    <ActionBar class="bg-blue-500">
        <Label text="Dashboard" class="text-white text-lg font-medium" />
    </ActionBar>

    <GridLayout rows="auto, *">
        <!-- New Entry Button -->
        <Button text="New Journal Entry" 
                tap="{{ newEntry }}" 
                row="0"
                class="bg-blue-500 text-white font-medium m-6 p-4 rounded-lg" />

        <!-- Journal Entries List -->
        <ListView items="{{ journalEntries }}" row="1" class="list-group">
            <ListView.itemTemplate>
                <GridLayout columns="*" rows="auto" class="bg-white m-4 p-4 rounded-lg">
                    <StackLayout>
                        <Label text="{{ date }}" class="text-sm text-gray-500" />
                        <Label text="{{ preview }}" textWrap="true" class="text-base text-gray-800 my-2" />
                        
                        <GridLayout columns="auto, *" class="mt-2">
                            <Label text="Sentiment:" class="text-sm font-medium text-gray-600" />
                            <Label text="{{ sentiment }}" col="1" class="text-sm text-gray-600 ml-2" />
                        </GridLayout>
                        
                        <Repeater items="{{ triggers }}">
                            <Repeater.itemTemplate>
                                <Label text="{{ $value }}" class="text-xs text-red-500 bg-red-100 p-1 rounded mt-1" />
                            </Repeater.itemTemplate>
                        </Repeater>
                    </StackLayout>
                </GridLayout>
            </ListView.itemTemplate>
        </ListView>
    </GridLayout>
</Page>