<Page xmlns="http://schemas.nativescript.org/tns.xsd" navigatingTo="onNavigatingTo" class="bg-blue-50">
    <StackLayout class="p-8">
        <!-- Logo and App Name -->
        <Image src="https://raw.githubusercontent.com/Thepizzapie/InnerTide/main/INNER__2_-removebg-preview.png" 
               loadMode="async"
               stretch="aspectFit"
               width="120" 
               height="120" 
               class="self-center mb-4" />
        <Label text="Inner Tide" class="text-3xl font-bold text-center text-blue-500 mb-2" />
        <Label text="FIND BALANCE IN EVERY WAVE" class="text-sm text-center text-gray-500 mb-12" />
        
        <!-- Login Form -->
        <GridLayout rows="auto, auto, auto" class="w-full">
            <!-- Email Input -->
            <TextField row="0" 
                      hint="Email" 
                      text="{{ email }}" 
                      keyboardType="email" 
                      autocorrect="false" 
                      autocapitalizationType="none"
                      class="p-4 bg-white rounded-lg mb-4 text-base text-black" />
            
            <!-- Password Input -->
            <TextField row="1" 
                      hint="Password" 
                      text="{{ password }}" 
                      secure="true"
                      class="p-4 bg-white rounded-lg mb-6 text-base text-black" />
            
            <!-- Login Button -->
            <Button row="2" 
                    text="Login" 
                    tap="{{ login }}"
                    class="bg-blue-500 text-white font-semibold p-4 rounded-lg" />
        </GridLayout>

        <!-- Divider -->
        <StackLayout class="my-8">
            <GridLayout columns="*, auto, *" class="items-center">
                <StackLayout col="0" class="h-[1] bg-gray-300" />
                <Label col="1" text="or continue with" class="mx-4 text-gray-500" />
                <StackLayout col="2" class="h-[1] bg-gray-300" />
            </GridLayout>
        </StackLayout>

        <!-- Social Login Buttons -->
        <GridLayout rows="auto" columns="*, *" class="gap-4">
            <Button col="0" 
                    text="Google" 
                    tap="{{ signInWithGoogle }}"
                    class="bg-white text-black font-medium p-4 rounded-lg border-gray-200 border-width-1" />
            <Button col="1" 
                    text="Apple" 
                    tap="{{ signInWithApple }}"
                    class="bg-white text-black font-medium p-4 rounded-lg border-gray-200 border-width-1" />
        </GridLayout>
    </StackLayout>
</Page>