<Page xmlns="http://schemas.nativescript.org/tns.xsd" navigatingTo="onNavigatingTo" class="bg-white">
    <ActionBar class="bg-white">
        <NavigationButton text="Back" tap="onBackButtonTap" />
        <Label text="Journal Entry" class="text-lg font-medium text-blue-500" />
    </ActionBar>

    <ScrollView>
        <StackLayout class="p-6">
            <!-- Entry Date -->
            <Label text="{{ entryDate }}" 
                   class="text-xl font-bold text-gray-800 mb-4" />

            <!-- Mood -->
            <GridLayout columns="auto, *" class="mb-4">
                <Label col="0" text="Mood: " class="text-base font-medium" />
                <Label col="1" text="{{ moodEmoji }}" class="text-2xl" />
            </GridLayout>

            <!-- Journal Entry -->
            <Label text="Journal Entry" 
                   class="text-base font-bold text-blue-600 mb-2" />
            <Label text="{{ entryText }}" 
                   textWrap="true" 
                   class="text-lg italic text-blue-600 mb-6" />

            <!-- AI Analysis Section -->
            <StackLayout visibility="{{ hasTriggers ? 'visible' : 'collapsed' }}" class="mb-4">
                <Label text="Identified Triggers" 
                       class="text-base font-bold text-gray-700 mb-2" />
                <WrapLayout>
                    <Repeater items="{{ triggers }}">
                        <Repeater.itemTemplate>
                            <Label text="{{ $value }}" 
                                   class="text-sm text-blue-600 bg-blue-50 px-4 py-2 rounded-full mr-2 mb-2" />
                        </Repeater.itemTemplate>
                    </Repeater>
                </WrapLayout>
            </StackLayout>

            <!-- Emotions -->
            <StackLayout visibility="{{ hasEmotions ? 'visible' : 'collapsed' }}">
                <Label text="Emotions Identified" 
                       class="text-base font-bold text-purple-600 mb-2" />
                <WrapLayout>
                    <Repeater items="{{ emotionsList }}">
                        <Repeater.itemTemplate>
                            <Label text="{{ $value }}" 
                                   class="text-sm text-purple-600 bg-purple-50 px-4 py-2 rounded-full mr-2 mb-2" />
                        </Repeater.itemTemplate>
                    </Repeater>
                </WrapLayout>
            </StackLayout>
        </StackLayout>
    </ScrollView>
</Page>