<Page xmlns="http://schemas.nativescript.org/tns.xsd" navigatingTo="onNavigatingTo" class="bg-gray-50">
    <ActionBar class="bg-white">
        <NavigationButton text="Back" tap="onBackButtonTap" />
        <Label text="New Entry" class="text-lg font-medium text-blue-500" />
    </ActionBar>

    <ScrollView>
        <StackLayout class="p-4">
            <!-- Main Text Area -->
            <TextView hint="Write your thoughts here..." 
                     text="{{ journalText }}"
                     class="bg-white rounded-lg p-4 h-[300] text-base text-black mb-4" />
            
            <!-- Mood Slider -->
            <StackLayout class="bg-white p-4 rounded-lg mb-4">
                <GridLayout rows="auto, auto">
                    <GridLayout row="0" columns="auto, *" class="mb-2">
                        <Label col="0" text="How are you feeling?" class="text-base font-medium text-gray-700" />
                        <Label col="1" text="{{ moodScale | moodToEmoji }}" class="text-2xl text-right" />
                    </GridLayout>
                    
                    <Slider row="1"
                            value="{{ moodScale }}" 
                            minValue="1" 
                            maxValue="5" />
                </GridLayout>
            </StackLayout>

            <!-- Analysis Results (if available) -->
            <StackLayout class="mb-4" visibility="{{ analysis ? 'visible' : 'collapsed' }}">
                <Label text="AI Analysis" class="text-lg font-semibold mb-3 text-gray-800" />
                <StackLayout class="bg-white p-4 rounded-lg">
                    <!-- Sentiment -->
                    <Label text="{{ analysis.sentiment }}" class="text-base text-blue-600 mb-2" textWrap="true" />
                    
                    <!-- Summary -->
                    <Label text="{{ analysis.summary }}" class="text-base text-gray-700 mb-3" textWrap="true" />
                    
                    <!-- Triggers -->
                    <Label text="Identified Triggers:" 
                           class="text-sm font-medium text-gray-700 mb-2"
                           visibility="{{ analysis.triggers.length > 0 ? 'visible' : 'collapsed' }}" />
                    <WrapLayout>
                        <Repeater items="{{ analysis.triggers }}">
                            <Repeater.itemTemplate>
                                <Label text="{{ $value }}" 
                                       class="text-sm text-blue-700 bg-blue-50 px-3 py-1 rounded-full mr-2 mb-2" />
                            </Repeater.itemTemplate>
                        </Repeater>
                    </WrapLayout>
                </StackLayout>
            </StackLayout>

            <!-- Save Button -->
            <Button text="{{ isSaving ? 'Analyzing...' : 'Save Entry' }}" 
                    tap="{{ saveEntry }}"
                    isEnabled="{{ !isSaving }}"
                    class="bg-blue-500 text-white p-4 rounded-lg" />
        </StackLayout>
    </ScrollView>
</Page>