<Page xmlns="http://schemas.nativescript.org/tns.xsd" navigatingTo="onNavigatingTo">
    <GridLayout rows="*">
        <!-- Background Layer -->
        <GridLayout class="page-background" row="0">
            <GridLayout class="wave-pattern" />
        </GridLayout>

        <!-- Content Layer -->
        <GridLayout row="0">
            <ActionBar class="bg-white elevation-2">
                <GridLayout columns="*, auto" class="w-full px-4">
                    <Label col="0" text="Inner Tide" class="text-xl font-semibold text-blue-500" />
                    <Label col="1" text="{{ username }}" class="text-base text-gray-600" />
                </GridLayout>
            </ActionBar>
            
            <ScrollView>
                <StackLayout class="p-4">
                    <!-- Welcome Section -->
                    <Label text="Welcome back" class="text-2xl font-bold text-gray-800 mb-2" />
                    <Label text="{{ currentDate }}" class="text-sm text-gray-500 mb-8" />
                    
                    <!-- Navigation Buttons -->
                    <GridLayout rows="auto, auto" columns="*, *" class="mb-6" rowSpacing="8" columnSpacing="8">
                        <!-- New Entry Button -->
                        <GridLayout row="0" col="0" class="nav-btn nav-btn-new-entry" tap="{{ newEntry }}">
                            <Label text="✏️  New Entry" class="text-center" />
                        </GridLayout>

                        <!-- Insights Button -->
                        <GridLayout row="0" col="1" class="nav-btn nav-btn-insights" tap="{{ showInsights }}">
                            <Label text="📊  Insights" class="text-center" />
                        </GridLayout>

                        <!-- Reflection Button -->
                        <GridLayout row="1" col="0" class="nav-btn nav-btn-meditate" tap="{{ showReflection }}">
                            <Label text="🪞  Reflect" class="text-center" />
                        </GridLayout>

                        <!-- Resources Button -->
                        <GridLayout row="1" col="1" class="nav-btn nav-btn-resources" tap="{{ showResources }}">
                            <Label text="📚  Resources" class="text-center" />
                        </GridLayout>
                    </GridLayout>

                    <!-- Recent Entries -->
                    <Label text="Recent Entries" class="text-lg font-medium text-gray-700 mb-4" />
                    
                    <!-- No Entries Message -->
                    <StackLayout visibility="{{ recentEntries.length === 0 ? 'visible' : 'collapsed' }}" 
                                class="bg-white p-6 rounded-xl elevation-2">
                        <Label text="No entries yet" class="text-gray-500 text-center" />
                        <Label text="Start journaling to see your entries here" 
                               class="text-gray-400 text-center text-sm mt-2" />
                    </StackLayout>

                    <!-- Entries List -->
                    <ListView items="{{ recentEntries }}" 
                             itemTap="{{ onEntryTap }}"
                             visibility="{{ recentEntries.length > 0 ? 'visible' : 'collapsed' }}"
                             backgroundColor="transparent"
                             separatorColor="transparent"
                             class="list-group">
                        <ListView.itemTemplate>
                            <GridLayout columns="auto, *" rows="auto" class="p-2" backgroundColor="transparent">
                                <Label col="0" text="{{ moodEmoji }}" class="text-2xl mr-3" />
                                <StackLayout col="1" class="bg-white p-4 rounded-xl elevation-2">
                                    <Label text="{{ dateLabel }}" class="text-sm text-gray-500" />
                                    <Label text="{{ title }}" class="text-base text-gray-800 mt-1" textWrap="true" maxLines="1" />
                                    <WrapLayout visibility="{{ analysis.triggers.length > 0 ? 'visible' : 'collapsed' }}" class="mt-2">
                                        <Repeater items="{{ analysis.triggers }}">
                                            <Repeater.itemTemplate>
                                                <Label text="{{ text }}" 
                                                       class="{{ emotion === 'positive' ? 'text-xs text-green-600 bg-green-50' : 
                                                                emotion === 'negative' ? 'text-xs text-red-600 bg-red-50' : 
                                                                'text-xs text-gray-600 bg-gray-50' }} px-2 py-1 rounded-full mr-2 mb-1" />
                                            </Repeater.itemTemplate>
                                        </Repeater>
                                    </WrapLayout>
                                </StackLayout>
                            </GridLayout>
                        </ListView.itemTemplate>
                    </ListView>
                </StackLayout>
            </ScrollView>
        </GridLayout>
    </GridLayout>
</Page>